"DESCRIPTION","DURATION IN MS","NAME","PARENT SUITE","START TIME","STATUS","STOP TIME","SUB SUITE","SUITE","TEST CLASS","TEST METHOD"
"","7101","Verify title","webkit","2026-08-03","passed","2026-08-03","","Add_Remove_From_Cart.spec.ts","",""
"","7642","Verify title","firefox","2026-08-03","passed","2026-08-03","","Buy_Products.spec.ts","",""
"","6561","Verify title","chromium","2026-08-03","passed","2026-08-03","","Buy_Products.spec.ts","",""
"","1276","Verify title","webkit","2026-08-03","passed","2026-08-03","","SauceDemo_StrdUsr.spec.ts","",""
"","6890","Verify title","firefox","2026-08-03","passed","2026-08-03","","Add_Remove_From_Cart.spec.ts","",""
"","1044","Verify title","chromium","2026-08-03","passed","2026-08-03","","SauceDemo_StrdUsr.spec.ts","",""
"","2535","Verify title","firefox","2026-08-03","passed","2026-08-03","","SauceDemo_StrdUsr.spec.ts","",""
"","7853","Verify title","webkit","2026-08-03","passed","2026-08-03","","Buy_Products.spec.ts","",""
"","6254","Verify title","chromium","2026-08-03","passed","2026-08-03","","Add_Remove_From_Cart.spec.ts","",""
